[{"_PlatformName":"NDS","_FileExtension":".nds","_EmuPath":"C:\\Important Files\\Emulators\\melonDS_0.9.5_win_x64\\melonDS.exe","_RomsPath":"C:\\Important Files\\Emulators\\melonDS_0.9.5_win_x64\\Roms","_FilePaths":["C:\\Important Files\\Emulators\\melonDS_0.9.5_win_x64\\Roms\\Legend of Zelda, The - Phantom Hourglass (USA) (En,Fr,Es).nds","C:\\Important Files\\Emulators\\melonDS_0.9.5_win_x64\\Roms\\Legend of Zelda, The - Spirit Tracks (USA) (En,Fr,Es) (Rev 1).nds","C:\\Important Files\\Emulators\\melonDS_0.9.5_win_x64\\Roms\\Pokemon - Black Version (USA, Europe) (NDSi Enhanced).nds","C:\\Important Files\\Emulators\\melonDS_0.9.5_win_x64\\Roms\\Pokemon - Black Version 2 (USA, Europe) (NDSi Enhanced).nds","C:\\Important Files\\Emulators\\melonDS_0.9.5_win_x64\\Roms\\Pokemon - Blaze Black 2 Redux.nds","C:\\Important Files\\Emulators\\melonDS_0.9.5_win_x64\\Roms\\Pokemon - Diamond Version (USA) (Rev 5).nds","C:\\Important Files\\Emulators\\melonDS_0.9.5_win_x64\\Roms\\Pokemon - HeartGold Version (USA).nds","C:\\Important Files\\Emulators\\melonDS_0.9.5_win_x64\\Roms\\Pokemon - Pearl Version (USA) (Rev 5).nds","C:\\Important Files\\Emulators\\melonDS_0.9.5_win_x64\\Roms\\Pokemon - Platinum Version (USA).nds","C:\\Important Files\\Emulators\\melonDS_0.9.5_win_x64\\Roms\\Pokemon - SoulSilver Version (USA).nds","C:\\Important Files\\Emulators\\melonDS_0.9.5_win_x64\\Roms\\Pokemon - White Version (USA, Europe) (NDSi Enhanced).nds","C:\\Important Files\\Emulators\\melonDS_0.9.5_win_x64\\Roms\\Pokemon - White Version 2 (USA, Europe) (NDSi Enhanced).nds"]},{"_PlatformName":"GBA","_FileExtension":".gba","_EmuPath":"C:\\Important Files\\Emulators\\mGBA-0.10.2-win64\\mGBA.exe","_RomsPath":"C:\\Important Files\\Emulators\\mGBA-0.10.2-win64\\Roms","_FilePaths":["C:\\Important Files\\Emulators\\mGBA-0.10.2-win64\\Roms\\Legend of Zelda, The - The Minish Cap (USA).gba","C:\\Important Files\\Emulators\\mGBA-0.10.2-win64\\Roms\\Pokemon - Adventures Red Chapter.gba","C:\\Important Files\\Emulators\\mGBA-0.10.2-win64\\Roms\\Pokemon - Emerald Version (USA, Europe).gba","C:\\Important Files\\Emulators\\mGBA-0.10.2-win64\\Roms\\Pokemon - FireRed Version (USA).gba","C:\\Important Files\\Emulators\\mGBA-0.10.2-win64\\Roms\\Pokemon - LeafGreen Version (USA).gba","C:\\Important Files\\Emulators\\mGBA-0.10.2-win64\\Roms\\Pokemon - Ruby Version (USA).gba","C:\\Important Files\\Emulators\\mGBA-0.10.2-win64\\Roms\\Pokemon - Sapphire Version (USA).gba"]},{"_PlatformName":"3DS","_FileExtension":".3ds","_EmuPath":"C:\\Important Files\\Emulators\\Citra\\nightly\\citra-qt.exe","_RomsPath":"C:\\Important Files\\Emulators\\Citra\\nightly\\Roms","_FilePaths":["C:\\Important Files\\Emulators\\Citra\\nightly\\Roms\\Legend of Zelda, The - Ocarina of Time 3D (USA) (En,Fr,Es).3ds","C:\\Important Files\\Emulators\\Citra\\nightly\\Roms\\Pokemon Omega Ruby (USA).3ds","C:\\Important Files\\Emulators\\Citra\\nightly\\Roms\\Pokemon X (USA).3ds"]},{"_PlatformName":"SWITCH","_FileExtension":".nsp","_EmuPath":"C:\\Important Files\\Emulators\\ryujinx-1.1.800-win_x64\\publish\\Ryujinx.exe","_RomsPath":"C:\\Important Files\\Roms\\switch\\Games","_FilePaths":["C:\\Important Files\\Roms\\switch\\Games\\OMORI [010014E017B14000][v0].nsp","C:\\Important Files\\Roms\\switch\\Games\\Pokemon - Scarlet.nsp","C:\\Important Files\\Roms\\switch\\Games\\Pokemon Legends Arceus [01001F5010DFA000][v0][Base](eShop).nsp","C:\\Important Files\\Roms\\switch\\Games\\Pokemon Let's Go, Eevee! [0100187003A36000][v0].nsp","C:\\Important Files\\Roms\\switch\\Games\\Pokemon Let's Go, Pikachu! [010003F003A34000][v0].nsp","C:\\Important Files\\Roms\\switch\\Games\\Pokemon Shield (RF) (01008DB008C2C000)(v0).nsp","C:\\Important Files\\Roms\\switch\\Games\\Pokemon Shining Pearl.nsp","C:\\Important Files\\Roms\\switch\\Games\\Pokemon Sword [0100ABF008968800][v0](nsw2u.com).nsp","C:\\Important Files\\Roms\\switch\\Games\\Pokken Tournament DX [0100B3F000BE2000][v0].nsp","C:\\Important Files\\Roms\\switch\\Games\\Pokémon Brilliant Diamond [0100000011D90000][v0].nsp","C:\\Important Files\\Roms\\switch\\Games\\Super Mario Odyssey [0100000000010000][v0].nsp","C:\\Important Files\\Roms\\switch\\Games\\The Legend of Zelda Breath of the Wild [01007EF00011E000][v0].nsp"]}]